from,to,net
S1.AO,Uno.A0,ANALOG_0
S1.GND,GND,GND
S1.VCC,5V_REG,5V_REG
S2.AO,Uno.A1,ANALOG_1
S2.GND,GND,GND
S2.VCC,5V_REG,5V_REG
S3.AO,Uno.A2,ANALOG_2
S3.GND,GND,GND
S3.VCC,5V_REG,5V_REG
S4.AO,Uno.A3,ANALOG_3
S4.GND,GND,GND
S4.VCC,5V_REG,5V_REG
S5.AO,Uno.A4,ANALOG_4
S5.GND,GND,GND
S5.VCC,5V_REG,5V_REG
Uno.D11,L298N.ENA,ENA
Uno.D10,L298N.IN1,IN1
Uno.D9,L298N.IN2,IN2
Uno.D8,L298N.IN3,IN3
Uno.D7,L298N.IN4,IN4
Uno.D6,L298N.ENB,ENB
L298N.OUT1,MotorA.terminal1,MOTOR
L298N.OUT2,MotorA.terminal2,MOTOR
L298N.OUT3,MotorB.terminal1,MOTOR
L298N.OUT4,MotorB.terminal2,MOTOR
USB.VBUS,5V_REG,5V_REG
Uno.GND,GND,GND
L298N.5V,5V_REG,5V_REG
L298N.GND,GND,GND
L298N.VS,VMOTOR,VMOTOR
Battery2S.+,Switch.IN,VBAT
Switch.OUT,Regulator5V.IN+,VBAT_SWITCHED
Switch.OUT,RegulatorMotor.IN+,VBAT_SWITCHED
Regulator5V.OUT+,5V_REG,5V_REG
RegulatorMotor.OUT+,VMOTOR,VMOTOR
Battery2S.-,GND,GND
Regulator5V.IN-,GND,GND
Regulator5V.OUT-,GND,GND
RegulatorMotor.IN-,GND,GND
RegulatorMotor.OUT-,GND,GND
USB.GND,GND,GND
